{
	"info": {
		"_postman_id": "9b2dfff8-c6e5-480a-b95a-4da6cab07809",
		"name": "JIRAExercise",
		"schema": "https://schema.getpostman.com/json/collection/v2.1.0/collection.json",
		"_exporter_id": "21328049"
	},
	"item": [
		{
			"name": "CreateIssue",
			"event": [
				{
					"listen": "test",
					"script": {
						"exec": [
							"pm.test(\"Status code is 201\", function () {\r",
							"    pm.response.to.have.status(201);\r",
							"});\r",
							"\r",
							"resp=pm.response.json();\r",
							"jiraid=resp.id;\r",
							"console.log(jiraid);\r",
							"pm.globals.set(\"jiraid\",jiraid);"
						],
						"type": "text/javascript"
					}
				}
			],
			"request": {
				"method": "POST",
				"header": [],
				"body": {
					"mode": "raw",
					"raw": "{\r\n    \"fields\": {\r\n        \"project\": {\r\n            \"key\": \"OC\"\r\n        },\r\n        \"summary\": \"create issue in OC project\",\r\n        \"description\": \"Creating of an issue using project keys and issue type names using the REST API\",\r\n        \"issuetype\": {\r\n            \"name\": \"Bug\"\r\n        }\r\n    }\r\n}",
					"options": {
						"raw": {
							"language": "json"
						}
					}
				},
				"url": {
					"raw": "{{BaseURI}}/rest/api/2/issue/",
					"host": [
						"{{BaseURI}}"
					],
					"path": [
						"rest",
						"api",
						"2",
						"issue",
						""
					]
				}
			},
			"response": []
		},
		{
			"name": "EditIssue",
			"event": [
				{
					"listen": "test",
					"script": {
						"exec": [
							"pm.test(\"Status code is 204\", function () {\r",
							"    pm.response.to.have.status(204);\r",
							"});"
						],
						"type": "text/javascript"
					}
				}
			],
			"request": {
				"method": "PUT",
				"header": [],
				"body": {
					"mode": "raw",
					"raw": "{\r\n    \"fields\": {\r\n       \r\n        \"description\": \"Issue updated via put request on Oct 25th\"\r\n    }\r\n}\r\n",
					"options": {
						"raw": {
							"language": "json"
						}
					}
				},
				"url": {
					"raw": "{{BaseURI}}/rest/api/2/issue/{{jiraid}}",
					"host": [
						"{{BaseURI}}"
					],
					"path": [
						"rest",
						"api",
						"2",
						"issue",
						"{{jiraid}}"
					]
				}
			},
			"response": []
		},
		{
			"name": "searchIssueWithID",
			"event": [
				{
					"listen": "test",
					"script": {
						"exec": [
							"pm.test(\"Status code is 200\", function () {\r",
							"    pm.response.to.have.status(200);\r",
							"});\r",
							"\r",
							"resp=pm.response.json();\r",
							"desc=resp.fields.description;\r",
							"console.log(desc);\r",
							""
						],
						"type": "text/javascript"
					}
				}
			],
			"request": {
				"method": "GET",
				"header": [],
				"url": {
					"raw": "{{BaseURI}}/rest/api/2/issue/{{jiraid}}",
					"host": [
						"{{BaseURI}}"
					],
					"path": [
						"rest",
						"api",
						"2",
						"issue",
						"{{jiraid}}"
					]
				}
			},
			"response": []
		},
		{
			"name": "DeleteIssue",
			"event": [
				{
					"listen": "test",
					"script": {
						"exec": [
							"pm.test(\"Status code is 204\", function () {\r",
							"    pm.response.to.have.status(204);\r",
							"});"
						],
						"type": "text/javascript"
					}
				}
			],
			"request": {
				"method": "DELETE",
				"header": [],
				"url": {
					"raw": "{{BaseURI}}/rest/api/2/issue/{{jiraid}}",
					"host": [
						"{{BaseURI}}"
					],
					"path": [
						"rest",
						"api",
						"2",
						"issue",
						"{{jiraid}}"
					]
				}
			},
			"response": []
		},
		{
			"name": "SearchALLIssues",
			"event": [
				{
					"listen": "test",
					"script": {
						"exec": [
							"pm.test(\"Status code is 200\", function () {\r",
							"    pm.response.to.have.status(200);\r",
							"});"
						],
						"type": "text/javascript"
					}
				}
			],
			"request": {
				"method": "GET",
				"header": [],
				"url": {
					"raw": "{{BaseURI}}/rest/api/2/search?jql=project=\"OC\"",
					"host": [
						"{{BaseURI}}"
					],
					"path": [
						"rest",
						"api",
						"2",
						"search"
					],
					"query": [
						{
							"key": "jql",
							"value": "project=\"OC\""
						}
					]
				}
			},
			"response": []
		},
		{
			"name": "ListALLIssueTypes",
			"event": [
				{
					"listen": "test",
					"script": {
						"exec": [
							"pm.test(\"Status code is 200\", function () {\r",
							"    pm.response.to.have.status(200);\r",
							"});"
						],
						"type": "text/javascript"
					}
				}
			],
			"request": {
				"method": "GET",
				"header": [],
				"url": {
					"raw": "{{BaseURI}}/rest/api/2/issuetype",
					"host": [
						"{{BaseURI}}"
					],
					"path": [
						"rest",
						"api",
						"2",
						"issuetype"
					]
				}
			},
			"response": []
		}
	],
	"auth": {
		"type": "basic",
		"basic": [
			{
				"key": "password",
				"value": "BewBkphBGJkRPrx6eOtv12FA",
				"type": "string"
			},
			{
				"key": "username",
				"value": "hari.radhakrishnan@testleaf.com",
				"type": "string"
			}
		]
	},
	"event": [
		{
			"listen": "prerequest",
			"script": {
				"type": "text/javascript",
				"exec": [
					""
				]
			}
		},
		{
			"listen": "test",
			"script": {
				"type": "text/javascript",
				"exec": [
					""
				]
			}
		}
	]
}